id,label
0,positive
1,negative
2,neutral
3,positive
4,negative
5,neutral
6,positive
7,positive
8,positive
9,positive
10,neutral
11,neutral
12,negative
13,positive
14,negative
15,negative
16,positive
17,neutral
18,positive
19,neutral
20,positive
21,positive
22,neutral
23,negative
24,neutral
25,negative
26,negative
27,neutral
28,positive
29,negative
30,neutral
31,negative
32,neutral
33,positive
34,negative
35,positive
36,neutral
37,neutral
38,positive
39,neutral
40,negative
41,negative
42,positive
43,positive
44,neutral
45,positive
46,neutral
47,positive
48,neutral
49,negative
50,positive
51,negative
52,negative
53,neutral
54,positive
55,neutral
56,negative
57,neutral
58,neutral
59,neutral
60,negative
61,positive
62,neutral
63,neutral
64,positive
65,neutral
66,positive
67,negative
68,positive
69,neutral
70,neutral
71,neutral
72,neutral
73,negative
74,neutral
75,neutral
76,positive
77,positive
78,negative
79,positive
80,positive
81,negative
82,negative
83,positive
84,neutral
85,neutral
86,neutral
87,positive
88,neutral
89,negative
90,neutral
91,negative
92,negative
93,neutral
94,positive
95,neutral
96,neutral
97,positive
98,positive
99,neutral
100,negative
101,positive
102,negative
103,positive
104,neutral
105,neutral
106,positive
107,positive
108,positive
109,positive
110,negative
111,negative
112,neutral
113,neutral
114,positive
115,positive
116,neutral
117,neutral
118,positive
119,positive
120,neutral
121,neutral
122,positive
123,neutral
124,neutral
125,negative
126,neutral
127,neutral
128,neutral
129,neutral
130,positive
131,neutral
132,positive
133,positive
134,negative
135,neutral
136,neutral
137,negative
138,neutral
139,neutral
140,positive
141,positive
142,positive
143,neutral
144,neutral
145,positive
146,negative
147,positive
148,neutral
149,neutral
150,negative
151,negative
152,neutral
153,negative
154,neutral
155,positive
156,negative
157,positive
158,neutral
159,neutral
160,negative
161,neutral
162,negative
163,negative
164,negative
165,positive
166,neutral
167,neutral
168,negative
169,neutral
170,positive
171,neutral
172,positive
173,negative
174,neutral
175,positive
176,positive
177,neutral
178,neutral
179,positive
180,positive
181,positive
182,neutral
183,negative
184,positive
185,neutral
186,positive
187,neutral
188,positive
189,positive
190,positive
191,neutral
192,neutral
193,neutral
194,positive
195,positive
196,positive
197,negative
198,positive
199,negative
200,positive
201,neutral
202,positive
203,neutral
204,positive
205,positive
206,neutral
207,neutral
208,positive
209,positive
210,positive
211,positive
212,positive
213,positive
214,positive
215,positive
216,neutral
217,neutral
218,negative
219,positive
220,positive
221,negative
222,neutral
223,negative
224,neutral
225,positive
226,positive
227,neutral
228,neutral
229,neutral
230,neutral
231,neutral
232,positive
233,negative
234,positive
235,negative
236,positive
237,positive
238,neutral
239,positive
240,negative
241,neutral
242,negative
243,positive
244,positive
245,negative
246,positive
247,neutral
248,positive
249,positive
250,positive
251,neutral
252,positive
253,positive
254,negative
255,positive
256,negative
257,neutral
258,neutral
259,neutral
260,negative
261,negative
262,positive
263,negative
264,neutral
265,negative
266,negative
267,neutral
268,positive
269,negative
270,negative
271,negative
272,negative
273,positive
274,positive
275,positive
276,neutral
277,neutral
278,neutral
279,neutral
280,neutral
281,neutral
282,negative
283,neutral
284,positive
285,neutral
286,positive
287,positive
288,neutral
289,neutral
290,positive
291,negative
292,neutral
293,positive
294,positive
295,neutral
296,neutral
297,positive
298,positive
299,positive
300,negative
301,neutral
302,positive
303,positive
304,positive
305,neutral
306,positive
307,positive
308,negative
309,negative
310,negative
311,negative
312,negative
313,positive
314,positive
315,positive
316,positive
317,neutral
318,positive
319,negative
320,negative
321,positive
322,neutral
323,positive
324,neutral
325,positive
326,neutral
327,neutral
328,neutral
329,neutral
330,negative
331,positive
332,neutral
333,negative
334,neutral
335,positive
336,negative
337,neutral
338,negative
339,positive
340,neutral
341,negative
342,negative
343,negative
344,positive
345,neutral
346,neutral
347,positive
348,positive
349,positive
350,negative
351,negative
352,positive
353,positive
354,negative
355,neutral
356,negative
357,neutral
358,neutral
359,positive
360,positive
361,negative
362,neutral
363,neutral
364,neutral
365,neutral
366,neutral
367,positive
368,negative
369,neutral
370,neutral
371,neutral
372,negative
373,neutral
374,positive
375,positive
376,positive
377,negative
378,negative
379,neutral
380,neutral
381,neutral
382,positive
383,neutral
384,neutral
385,negative
386,positive
387,positive
388,negative
389,neutral
390,negative
391,neutral
392,positive
393,negative
394,neutral
395,positive
396,positive
397,positive
398,neutral
399,positive
400,neutral
401,positive
402,positive
403,positive
404,positive
405,positive
406,positive
407,negative
408,positive
409,positive
410,negative
411,neutral
412,negative
413,neutral
414,positive
415,positive
416,positive
417,negative
418,negative
419,positive
420,neutral
421,positive
422,neutral
423,negative
424,positive
425,neutral
426,neutral
427,negative
428,positive
429,neutral
430,negative
431,negative
432,neutral
433,positive
434,neutral
435,positive
436,positive
437,negative
438,positive
439,negative
440,positive
441,neutral
442,neutral
443,positive
444,neutral
445,positive
446,negative
447,neutral
448,negative
449,positive
450,positive
451,positive
452,neutral
453,negative
454,neutral
455,positive
456,positive
457,positive
458,neutral
459,neutral
460,neutral
461,positive
462,positive
463,neutral
464,positive
465,positive
466,neutral
467,negative
468,neutral
469,negative
470,neutral
471,neutral
472,negative
473,positive
474,neutral
475,negative
476,neutral
477,positive
478,neutral
479,positive
480,positive
481,positive
482,negative
483,positive
484,positive
485,neutral
486,positive
487,negative
488,positive
489,negative
490,neutral
491,negative
492,negative
493,positive
494,neutral
495,positive
496,negative
497,positive
498,positive
499,negative
500,positive
501,positive
502,positive
503,negative
504,neutral
505,negative
506,negative
507,positive
508,positive
509,positive
510,negative
511,positive
512,positive
513,positive
514,negative
515,negative
516,neutral
517,negative
518,positive
519,positive
520,positive
521,positive
522,neutral
523,positive
524,neutral
525,positive
526,positive
527,positive
528,positive
529,negative
530,positive
531,negative
532,neutral
533,positive
534,neutral
535,neutral
536,neutral
537,neutral
538,neutral
539,neutral
540,positive
541,negative
542,positive
543,positive
544,negative
545,negative
546,positive
547,neutral
548,positive
549,neutral
550,positive
551,neutral
552,positive
553,positive
554,negative
555,neutral
556,negative
557,positive
558,neutral
559,positive
560,neutral
561,positive
562,positive
563,negative
564,negative
565,neutral
566,positive
567,positive
568,negative
569,neutral
570,negative
571,neutral
572,negative
573,positive
574,positive
575,neutral
576,negative
577,neutral
578,neutral
579,negative
580,negative
581,negative
582,neutral
583,neutral
584,negative
585,positive
586,neutral
587,neutral
588,neutral
589,positive
590,neutral
591,positive
592,negative
593,neutral
594,neutral
595,neutral
596,neutral
597,positive
598,negative
599,neutral
600,neutral
601,negative
602,negative
603,neutral
604,neutral
605,positive
606,positive
607,positive
608,positive
609,neutral
610,positive
611,positive
612,positive
613,positive
614,positive
615,negative
616,neutral
617,neutral
618,negative
619,negative
620,negative
621,neutral
622,positive
623,negative
624,positive
625,positive
626,positive
627,positive
628,positive
629,positive
630,positive
631,positive
632,negative
633,positive
634,positive
635,positive
636,positive
637,positive
638,positive
639,positive
640,positive
641,negative
642,neutral
643,positive
644,positive
645,negative
646,negative
647,positive
648,neutral
649,positive
650,neutral
651,neutral
652,positive
653,negative
654,negative
655,neutral
656,negative
657,positive
658,positive
659,negative
660,positive
661,negative
662,positive
663,neutral
664,positive
665,neutral
666,positive
667,neutral
668,negative
669,neutral
670,positive
671,negative
672,positive
673,positive
674,neutral
675,positive
676,neutral
677,negative
678,neutral
679,positive
680,negative
681,negative
682,neutral
683,negative
684,positive
685,positive
686,neutral
687,neutral
688,neutral
689,neutral
690,negative
691,negative
692,neutral
693,neutral
694,negative
695,negative
696,positive
697,neutral
698,negative
699,negative
700,positive
701,neutral
702,negative
703,neutral
704,neutral
705,negative
706,positive
707,neutral
708,neutral
709,negative
710,negative
711,positive
712,neutral
713,neutral
714,positive
715,positive
716,negative
717,positive
718,negative
719,positive
720,neutral
721,negative
722,neutral
723,negative
724,positive
725,positive
726,positive
727,negative
728,negative
729,positive
730,neutral
731,negative
732,neutral
733,positive
734,negative
735,positive
736,negative
737,positive
738,positive
739,neutral
740,positive
741,neutral
742,positive
743,positive
744,negative
745,neutral
746,neutral
747,neutral
748,positive
749,positive
750,neutral
751,positive
752,neutral
753,positive
754,negative
755,neutral
756,positive
757,negative
758,positive
759,negative
760,negative
761,negative
762,positive
763,negative
764,neutral
765,positive
766,negative
767,negative
768,negative
769,positive
770,negative
771,positive
772,negative
773,negative
774,neutral
775,negative
776,positive
777,positive
778,positive
779,positive
780,neutral
781,neutral
782,negative
783,neutral
784,neutral
785,neutral
786,neutral
787,positive
788,neutral
789,neutral
790,neutral
791,neutral
792,positive
793,positive
794,positive
795,neutral
796,neutral
797,negative
798,positive
799,positive
800,positive
801,neutral
802,positive
803,negative
804,positive
805,positive
806,positive
807,neutral
808,positive
809,neutral
810,positive
811,positive
812,positive
813,positive
814,positive
815,positive
816,positive
817,negative
818,positive
819,positive
820,negative
821,positive
822,positive
823,positive
824,negative
825,positive
826,neutral
827,neutral
828,neutral
829,positive
830,neutral
831,positive
832,positive
833,positive
834,neutral
835,neutral
836,positive
837,neutral
838,negative
839,neutral
840,neutral
841,negative
842,positive
843,negative
844,positive
845,positive
846,positive
847,negative
848,positive
849,neutral
850,negative
851,negative
852,negative
853,negative
854,neutral
855,positive
856,positive
857,neutral
858,neutral
859,positive
860,negative
861,neutral
862,negative
863,positive
864,positive
865,neutral
866,neutral
867,neutral
868,negative
869,positive
870,neutral
871,positive
872,positive
873,positive
874,neutral
875,neutral
876,positive
877,positive
878,positive
879,neutral
880,positive
881,neutral
882,positive
883,positive
884,neutral
885,neutral
886,positive
887,positive
888,negative
889,negative
890,neutral
891,positive
892,neutral
893,neutral
894,neutral
895,negative
896,negative
897,negative
898,positive
899,positive
900,positive
901,positive
902,neutral
903,negative
904,negative
905,neutral
906,negative
907,positive
908,neutral
909,positive
910,neutral
911,positive
912,negative
913,negative
914,positive
915,positive
916,neutral
917,positive
918,negative
919,positive
920,negative
921,negative
922,negative
923,positive
924,negative
925,neutral
926,negative
927,positive
928,negative
929,positive
930,neutral
931,negative
932,positive
933,negative
934,positive
935,neutral
936,positive
937,negative
938,negative
939,positive
940,neutral
941,neutral
942,positive
943,neutral
944,positive
945,negative
946,negative
947,negative
948,negative
949,positive
950,negative
951,neutral
952,neutral
953,negative
954,positive
955,negative
956,neutral
957,positive
958,positive
959,neutral
960,positive
961,negative
962,positive
963,neutral
964,neutral
965,positive
966,negative
967,neutral
968,positive
969,positive
970,positive
971,positive
972,neutral
973,negative
974,negative
975,neutral
976,neutral
977,positive
978,negative
979,neutral
980,negative
981,positive
982,positive
983,negative
984,neutral
985,neutral
986,neutral
987,neutral
988,positive
989,negative
990,neutral
991,negative
992,positive
993,neutral
994,neutral
995,positive
996,positive
997,negative
998,neutral
999,negative
1000,positive
1001,negative
1002,negative
1003,neutral
1004,neutral
1005,negative
1006,neutral
1007,negative
1008,positive
1009,negative
1010,positive
1011,positive
1012,negative
1013,negative
1014,positive
1015,neutral
1016,negative
1017,positive
1018,positive
1019,neutral
1020,neutral
1021,negative
1022,neutral
1023,neutral
1024,negative
1025,neutral
1026,neutral
1027,positive
1028,positive
1029,positive
1030,neutral
1031,positive
1032,positive
1033,negative
1034,negative
1035,positive
1036,negative
1037,negative
1038,positive
1039,positive
1040,positive
1041,negative
1042,neutral
1043,neutral
1044,negative
1045,negative
1046,negative
1047,negative
1048,neutral
1049,negative
1050,negative
1051,negative
1052,positive
1053,positive
1054,negative
1055,neutral
1056,positive
1057,positive
1058,positive
1059,positive
1060,positive
1061,negative
1062,negative
1063,negative
1064,positive
1065,negative
1066,negative
1067,neutral
1068,positive
1069,neutral
1070,negative
1071,negative
1072,negative
1073,neutral
1074,positive
1075,positive
1076,neutral
1077,negative
1078,positive
1079,neutral
1080,negative
1081,positive
1082,positive
1083,negative
1084,negative
1085,positive
1086,negative
1087,negative
1088,negative
1089,negative
1090,positive
1091,neutral
1092,neutral
1093,neutral
1094,negative
1095,negative
1096,neutral
1097,positive
1098,positive
1099,neutral
1100,positive
1101,neutral
1102,negative
1103,neutral
1104,negative
1105,neutral
1106,neutral
1107,neutral
1108,positive
1109,neutral
1110,positive
1111,positive
1112,neutral
1113,neutral
1114,positive
1115,neutral
1116,neutral
1117,negative
1118,neutral
1119,neutral
1120,positive
1121,neutral
1122,positive
1123,negative
1124,neutral
1125,negative
1126,positive
1127,negative
1128,positive
1129,positive
1130,negative
1131,neutral
1132,positive
1133,neutral
1134,negative
1135,neutral
1136,positive
1137,positive
1138,positive
1139,neutral
1140,neutral
1141,neutral
1142,negative
1143,neutral
1144,negative
1145,neutral
1146,positive
1147,neutral
1148,positive
1149,positive
1150,negative
1151,positive
1152,neutral
1153,positive
1154,positive
1155,negative
1156,negative
1157,positive
1158,negative
1159,neutral
1160,negative
1161,positive
1162,negative
1163,neutral
1164,negative
1165,positive
1166,negative
1167,positive
1168,neutral
1169,neutral
1170,negative
1171,positive
1172,neutral
1173,positive
1174,negative
1175,neutral
1176,negative
1177,positive
1178,positive
1179,negative
1180,neutral
1181,positive
1182,positive
1183,negative
1184,positive
1185,positive
1186,neutral
1187,negative
1188,negative
1189,neutral
1190,neutral
1191,positive
1192,positive
1193,positive
1194,positive
1195,negative
1196,negative
1197,positive
1198,negative
1199,negative
1200,neutral
1201,positive
1202,positive
1203,negative
1204,negative
1205,positive
1206,negative
1207,positive
1208,neutral
1209,positive
1210,positive
1211,neutral
1212,neutral
1213,positive
1214,positive
1215,negative
1216,positive
1217,positive
1218,neutral
1219,negative
1220,positive
1221,positive
1222,negative
1223,negative
1224,positive
1225,neutral
1226,neutral
1227,neutral
1228,negative
1229,positive
1230,neutral
1231,positive
1232,positive
1233,neutral
1234,negative
1235,negative
1236,positive
1237,positive
1238,negative
1239,negative
1240,neutral
1241,positive
1242,negative
1243,negative
1244,neutral
1245,neutral
1246,positive
1247,neutral
1248,neutral
1249,neutral
1250,neutral
1251,negative
1252,negative
1253,neutral
1254,neutral
1255,positive
1256,positive
1257,negative
1258,negative
1259,negative
1260,neutral
1261,neutral
1262,negative
1263,neutral
1264,negative
1265,negative
1266,positive
1267,neutral
1268,positive
1269,neutral
1270,neutral
1271,positive
1272,positive
1273,negative
1274,positive
1275,positive
1276,neutral
1277,negative
1278,neutral
1279,neutral
1280,positive
1281,negative
1282,negative
1283,neutral
1284,neutral
1285,positive
1286,negative
1287,positive
1288,positive
1289,neutral
1290,positive
1291,positive
1292,positive
1293,negative
1294,positive
1295,neutral
1296,positive
1297,positive
1298,negative
1299,neutral
1300,neutral
1301,positive
1302,neutral
1303,neutral
1304,neutral
1305,positive
1306,positive
1307,neutral
1308,negative
1309,negative
1310,negative
1311,positive
1312,positive
1313,positive
1314,neutral
1315,negative
1316,negative
1317,negative
1318,negative
1319,negative
1320,positive
1321,negative
1322,negative
1323,negative
1324,negative
1325,neutral
1326,positive
1327,neutral
1328,positive
1329,positive
1330,neutral
1331,negative
1332,positive
1333,negative
1334,neutral
1335,negative
1336,positive
1337,negative
1338,positive
1339,positive
1340,negative
1341,positive
1342,positive
1343,positive
1344,negative
1345,positive
1346,negative
1347,positive
1348,positive
1349,positive
1350,positive
1351,neutral
1352,positive
1353,neutral
1354,negative
1355,negative
1356,neutral
1357,positive
1358,negative
1359,neutral
1360,negative
1361,neutral
1362,positive
1363,positive
1364,neutral
1365,neutral
1366,negative
1367,positive
1368,neutral
1369,negative
1370,positive
1371,positive
1372,negative
1373,negative
1374,positive
1375,positive
1376,neutral
1377,negative
1378,positive
1379,positive
1380,neutral
1381,neutral
1382,neutral
1383,negative
1384,positive
1385,neutral
1386,positive
1387,neutral
1388,negative
1389,neutral
1390,negative
1391,neutral
1392,neutral
1393,neutral
1394,positive
1395,positive
1396,neutral
1397,positive
1398,negative
1399,neutral
1400,negative
1401,neutral
1402,positive
1403,neutral
1404,negative
1405,neutral
1406,neutral
1407,positive
1408,neutral
1409,positive
1410,positive
1411,negative
1412,positive
1413,neutral
1414,neutral
1415,negative
1416,negative
1417,positive
1418,negative
1419,neutral
1420,negative
1421,negative
1422,negative
1423,negative
1424,neutral
1425,neutral
1426,negative
1427,negative
1428,neutral
1429,positive
1430,neutral
1431,positive
1432,neutral
1433,negative
1434,neutral
1435,positive
1436,positive
1437,neutral
1438,negative
1439,neutral
1440,neutral
1441,positive
1442,positive
1443,neutral
1444,positive
1445,positive
1446,positive
1447,positive
1448,positive
1449,positive
1450,positive
1451,negative
1452,positive
1453,negative
1454,negative
1455,neutral
1456,neutral
1457,positive
1458,neutral
1459,neutral
1460,neutral
1461,neutral
1462,neutral
1463,neutral
1464,positive
1465,positive
1466,positive
1467,neutral
1468,negative
1469,neutral
1470,positive
1471,positive
1472,positive
1473,positive
1474,positive
1475,positive
1476,positive
1477,neutral
1478,positive
1479,neutral
1480,negative
1481,neutral
1482,neutral
1483,neutral
1484,negative
1485,positive
1486,neutral
1487,positive
1488,negative
1489,negative
1490,positive
1491,positive
1492,negative
1493,positive
1494,positive
1495,negative
1496,neutral
1497,negative
1498,negative
1499,neutral
1500,positive
1501,positive
1502,neutral
1503,negative
1504,negative
1505,neutral
1506,positive
1507,positive
1508,positive
1509,neutral
1510,negative
1511,positive
1512,positive
1513,negative
1514,positive
1515,neutral
1516,neutral
1517,positive
1518,neutral
1519,neutral
1520,neutral
1521,neutral
1522,neutral
1523,positive
1524,negative
1525,positive
1526,negative
1527,positive
1528,neutral
1529,positive
1530,neutral
1531,neutral
1532,positive
1533,neutral
1534,negative
1535,positive
1536,negative
1537,neutral
1538,positive
1539,positive
1540,positive
1541,positive
1542,positive
1543,negative
1544,negative
1545,negative
1546,neutral
1547,positive
1548,neutral
1549,negative
1550,positive
1551,positive
1552,neutral
1553,positive
1554,positive
1555,negative
1556,neutral
1557,negative
1558,positive
1559,neutral
1560,neutral
1561,negative
1562,negative
1563,positive
1564,negative
1565,negative
1566,negative
1567,negative
1568,neutral
1569,neutral
1570,negative
1571,positive
1572,negative
1573,negative
1574,negative
1575,neutral
1576,positive
1577,positive
1578,negative
1579,positive
1580,positive
1581,neutral
1582,positive
1583,neutral
1584,positive
1585,positive
1586,positive
1587,negative
1588,negative
1589,neutral
1590,negative
1591,positive
1592,positive
1593,neutral
1594,neutral
1595,negative
1596,neutral
1597,neutral
1598,neutral
1599,positive
1600,negative
1601,negative
1602,negative
1603,negative
1604,negative
1605,positive
1606,positive
1607,neutral
1608,positive
1609,neutral
1610,positive
1611,negative
1612,positive
1613,positive
1614,positive
1615,neutral
1616,positive
1617,neutral
1618,neutral
1619,negative
1620,negative
1621,positive
1622,neutral
1623,neutral
1624,neutral
1625,neutral
1626,neutral
1627,positive
1628,negative
1629,positive
1630,neutral
1631,neutral
1632,neutral
1633,negative
1634,positive
1635,negative
1636,positive
1637,negative
1638,positive
1639,negative
1640,positive
1641,positive
1642,negative
1643,negative
1644,negative
1645,negative
1646,negative
1647,negative
1648,neutral
1649,negative
1650,positive
1651,negative
1652,positive
1653,neutral
1654,neutral
1655,neutral
1656,negative
1657,positive
1658,positive
1659,neutral
1660,positive
1661,neutral
1662,positive
1663,negative
1664,positive
1665,negative
1666,negative
1667,negative
1668,positive
1669,neutral
1670,positive
1671,positive
1672,negative
1673,positive
1674,negative
1675,positive
1676,positive
1677,neutral
1678,neutral
1679,neutral
1680,neutral
1681,negative
1682,positive
1683,positive
1684,positive
1685,neutral
1686,neutral
1687,positive
1688,positive
1689,positive
1690,neutral
1691,positive
1692,positive
1693,positive
1694,positive
1695,positive
1696,neutral
1697,negative
1698,negative
1699,positive
1700,positive
1701,positive
1702,negative
1703,negative
1704,negative
1705,positive
1706,negative
1707,negative
1708,negative
1709,negative
1710,negative
1711,neutral
1712,positive
1713,neutral
1714,neutral
1715,neutral
1716,positive
1717,neutral
1718,neutral
1719,positive
1720,neutral
1721,neutral
1722,neutral
1723,neutral
1724,neutral
1725,neutral
1726,negative
1727,positive
1728,neutral
1729,positive
1730,negative
1731,neutral
1732,neutral
1733,positive
1734,positive
1735,positive
1736,neutral
1737,negative
1738,positive
1739,neutral
1740,positive
1741,positive
1742,neutral
1743,neutral
1744,neutral
1745,negative
1746,positive
1747,positive
1748,positive
1749,negative
1750,negative
1751,neutral
1752,neutral
1753,negative
1754,positive
1755,negative
1756,positive
1757,neutral
1758,neutral
1759,neutral
1760,neutral
1761,neutral
1762,neutral
1763,neutral
1764,neutral
1765,positive
1766,neutral
1767,positive
1768,neutral
1769,neutral
1770,neutral
1771,negative
1772,neutral
1773,positive
1774,positive
1775,positive
1776,neutral
1777,neutral
1778,positive
1779,positive
1780,positive
1781,positive
1782,positive
1783,neutral
1784,neutral
1785,negative
1786,neutral
1787,negative
1788,positive
1789,neutral
1790,neutral
1791,negative
1792,negative
1793,neutral
1794,positive
1795,neutral
1796,negative
1797,positive
1798,neutral
1799,neutral
1800,negative
1801,positive
1802,negative
1803,negative
1804,neutral
1805,neutral
1806,negative
1807,positive
1808,negative
1809,neutral
1810,neutral
1811,negative
1812,positive
1813,positive
1814,neutral
1815,negative
1816,neutral
1817,neutral
1818,neutral
1819,neutral
1820,positive
1821,negative
1822,negative
1823,negative
1824,neutral
1825,neutral
1826,positive
1827,positive
1828,neutral
1829,positive
1830,positive
1831,positive
1832,neutral
1833,negative
1834,negative
1835,neutral
1836,positive
1837,positive
1838,neutral
1839,neutral
1840,positive
1841,neutral
1842,negative
1843,positive
1844,negative
1845,positive
1846,positive
1847,negative
1848,neutral
1849,positive
1850,positive
1851,positive
1852,neutral
1853,positive
1854,positive
1855,positive
1856,neutral
1857,negative
1858,positive
1859,neutral
1860,neutral
1861,positive
1862,negative
1863,negative
1864,positive
1865,neutral
1866,positive
1867,positive
1868,positive
1869,neutral
1870,neutral
1871,neutral
1872,positive
1873,negative
1874,positive
1875,neutral
1876,neutral
1877,positive
1878,positive
1879,neutral
1880,negative
1881,negative
1882,positive
1883,positive
1884,negative
1885,negative
1886,neutral
1887,neutral
1888,neutral
1889,negative
1890,positive
1891,positive
1892,neutral
1893,neutral
1894,negative
1895,neutral
1896,neutral
1897,neutral
1898,positive
1899,negative
1900,negative
1901,negative
1902,positive
1903,neutral
1904,positive
1905,positive
1906,negative
1907,neutral
1908,neutral
1909,neutral
1910,positive
1911,neutral
1912,neutral
1913,negative
1914,neutral
1915,negative
1916,positive
1917,neutral
1918,neutral
1919,negative
1920,positive
1921,negative
1922,positive
1923,neutral
1924,positive
1925,negative
1926,positive
1927,neutral
1928,neutral
1929,neutral
1930,positive
1931,neutral
1932,positive
1933,negative
1934,positive
1935,negative
1936,negative
1937,neutral
1938,negative
1939,negative
1940,neutral
1941,neutral
1942,negative
1943,negative
1944,negative
1945,negative
1946,negative
1947,neutral
1948,neutral
1949,negative
1950,neutral
1951,positive
1952,neutral
1953,negative
1954,positive
1955,negative
1956,neutral
1957,negative
1958,neutral
1959,negative
1960,positive
1961,neutral
1962,neutral
1963,positive
1964,positive
1965,neutral
1966,neutral
1967,neutral
1968,neutral
1969,neutral
1970,negative
1971,positive
1972,neutral
1973,negative
1974,negative
1975,positive
1976,neutral
1977,negative
1978,positive
1979,neutral
1980,negative
1981,neutral
1982,positive
1983,negative
1984,negative
1985,negative
1986,neutral
1987,neutral
1988,neutral
1989,positive
1990,positive
1991,positive
1992,neutral
1993,negative
1994,negative
1995,positive
1996,neutral
1997,negative
1998,positive
1999,neutral
2000,negative
2001,negative
2002,neutral
2003,negative
2004,positive
2005,positive
2006,neutral
2007,neutral
2008,neutral
2009,negative
2010,positive
2011,neutral
2012,neutral
2013,positive
2014,positive
2015,positive
2016,positive
2017,neutral
2018,positive
2019,positive
2020,negative
2021,neutral
2022,negative
2023,positive
2024,positive
2025,positive
2026,positive
2027,negative
2028,negative
2029,positive
2030,negative
2031,neutral
2032,neutral
2033,positive
2034,negative
2035,negative
2036,neutral
2037,negative
2038,positive
2039,neutral
2040,positive
2041,positive
2042,positive
2043,neutral
2044,positive
2045,neutral
2046,negative
2047,neutral
2048,neutral
2049,neutral
2050,positive
2051,negative
2052,neutral
2053,neutral
2054,neutral
2055,negative
2056,neutral
2057,negative
2058,positive
2059,positive
2060,neutral
2061,negative
2062,neutral
2063,negative
2064,negative
2065,positive
2066,positive
2067,positive
2068,positive
2069,positive
2070,negative
2071,negative
2072,neutral
2073,neutral
2074,positive
2075,negative
2076,neutral
2077,positive
2078,neutral
2079,neutral
2080,positive
2081,negative
2082,neutral
2083,positive
2084,positive
2085,positive
2086,neutral
2087,positive
2088,neutral
2089,neutral
2090,negative
2091,neutral
2092,negative
2093,neutral
2094,negative
2095,positive
2096,negative
2097,neutral
2098,negative
2099,positive
2100,neutral
2101,positive
2102,neutral
2103,positive
2104,neutral
2105,negative
2106,positive
2107,neutral
2108,positive
2109,negative
2110,negative
2111,positive
2112,positive
2113,neutral
2114,neutral
2115,negative
2116,negative
2117,neutral
2118,positive
2119,negative
2120,positive
2121,negative
2122,positive
2123,neutral
2124,negative
2125,positive
2126,negative
2127,positive
2128,negative
2129,positive
2130,neutral
2131,negative
2132,positive
2133,negative
2134,positive
2135,positive
2136,positive
2137,negative
2138,positive
2139,neutral
2140,negative
2141,neutral
2142,positive
2143,negative
2144,positive
2145,positive
2146,positive
2147,positive
2148,neutral
2149,neutral
2150,positive
2151,positive
2152,positive
2153,neutral
2154,positive
2155,neutral
2156,negative
2157,negative
2158,positive
2159,positive
2160,positive
2161,negative
2162,negative
2163,positive
2164,neutral
2165,positive
2166,positive
2167,neutral
2168,neutral
2169,negative
2170,positive
2171,positive
2172,positive
2173,positive
2174,neutral
2175,negative
2176,positive
2177,positive
2178,negative
2179,positive
2180,neutral
2181,positive
2182,neutral
2183,positive
2184,neutral
2185,neutral
2186,positive
2187,positive
2188,positive
2189,neutral
2190,positive
2191,negative
2192,positive
2193,neutral
2194,neutral
2195,neutral
2196,positive
2197,positive
2198,positive
2199,neutral
2200,positive
2201,neutral
2202,neutral
2203,positive
2204,positive
2205,positive
2206,positive
2207,negative
2208,negative
2209,neutral
2210,negative
2211,negative
2212,positive
2213,positive
2214,positive
2215,neutral
2216,neutral
2217,positive
2218,positive
2219,negative
2220,positive
2221,negative
2222,neutral
2223,neutral
2224,positive
2225,neutral
2226,negative
2227,neutral
2228,positive
2229,positive
2230,neutral
2231,positive
2232,neutral
2233,negative
2234,neutral
2235,neutral
2236,negative
2237,negative
2238,neutral
2239,negative
2240,negative
2241,neutral
2242,positive
2243,neutral
2244,positive
2245,positive
2246,neutral
2247,negative
2248,neutral
2249,negative
2250,negative
2251,neutral
2252,negative
2253,negative
2254,neutral
2255,neutral
2256,neutral
2257,neutral
2258,positive
2259,negative
2260,negative
2261,positive
2262,neutral
2263,neutral
2264,neutral
2265,negative
2266,positive
2267,neutral
2268,positive
2269,positive
2270,neutral
2271,neutral
2272,positive
2273,negative
2274,positive
2275,positive
2276,neutral
2277,negative
2278,positive
2279,positive
2280,positive
2281,positive
2282,positive
2283,neutral
2284,positive
2285,negative
2286,neutral
2287,neutral
2288,neutral
2289,negative
2290,positive
2291,positive
2292,neutral
2293,negative
2294,neutral
2295,neutral
2296,negative
2297,positive
2298,positive
2299,positive
2300,negative
2301,negative
2302,neutral
2303,negative
2304,positive
2305,neutral
2306,negative
2307,negative
2308,negative
2309,positive
2310,negative
2311,neutral
2312,positive
2313,negative
2314,positive
2315,neutral
2316,positive
2317,neutral
2318,positive
2319,neutral
2320,neutral
2321,positive
2322,neutral
2323,positive
2324,neutral
2325,neutral
2326,positive
2327,negative
2328,negative
2329,positive
2330,negative
2331,neutral
2332,positive
2333,negative
2334,negative
2335,neutral
2336,negative
2337,positive
2338,neutral
2339,negative
2340,positive
2341,neutral
2342,neutral
2343,negative
2344,positive
2345,positive
2346,positive
2347,neutral
2348,neutral
2349,neutral
2350,neutral
2351,neutral
2352,neutral
2353,negative
2354,neutral
2355,positive
2356,neutral
2357,neutral
2358,negative
2359,negative
2360,positive
2361,negative
2362,positive
2363,negative
2364,neutral
2365,neutral
2366,negative
2367,positive
2368,positive
2369,negative
2370,neutral
2371,negative
2372,neutral
2373,neutral
2374,negative
2375,neutral
2376,negative
2377,negative
2378,neutral
2379,neutral
2380,positive
2381,neutral
2382,neutral
2383,positive
2384,positive
2385,positive
2386,neutral
2387,negative
2388,positive
2389,positive
2390,positive
2391,positive
2392,neutral
2393,positive
2394,positive
2395,positive
2396,neutral
2397,negative
2398,positive
2399,positive
2400,neutral
2401,positive
2402,neutral
2403,neutral
2404,negative
2405,neutral
2406,positive
2407,positive
2408,positive
2409,positive
2410,negative
2411,negative
2412,positive
2413,positive
2414,neutral
2415,positive
2416,positive
2417,neutral
2418,neutral
2419,positive
2420,neutral
2421,positive
2422,neutral
2423,negative
2424,positive
2425,positive
2426,neutral
2427,neutral
2428,negative
2429,positive
2430,negative
2431,negative
2432,positive
2433,positive
2434,positive
2435,neutral
2436,positive
2437,negative
2438,negative
2439,negative
2440,negative
2441,negative
2442,neutral
2443,negative
2444,positive
2445,neutral
2446,neutral
2447,neutral
2448,positive
2449,negative
2450,positive
2451,positive
2452,neutral
2453,neutral
2454,positive
2455,neutral
2456,neutral
2457,positive
2458,positive
2459,positive
2460,neutral
2461,positive
2462,neutral
2463,neutral
2464,negative
2465,positive
2466,neutral
2467,neutral
2468,neutral
2469,neutral
2470,positive
2471,negative
2472,neutral
2473,positive
2474,positive
2475,positive
2476,positive
2477,negative
2478,positive
2479,negative
2480,negative
2481,positive
2482,negative
2483,positive
2484,positive
2485,positive
2486,neutral
2487,neutral
2488,negative
2489,neutral
2490,neutral
2491,positive
2492,negative
2493,positive
2494,positive
2495,neutral
2496,neutral
2497,positive
2498,neutral
2499,neutral
2500,positive
2501,negative
2502,positive
2503,neutral
2504,neutral
2505,neutral
2506,positive
2507,negative
2508,negative
2509,positive
2510,negative
2511,neutral
2512,negative
2513,neutral
2514,negative
2515,neutral
2516,positive
2517,neutral
2518,positive
2519,positive
2520,positive
2521,positive
2522,positive
2523,negative
2524,negative
2525,positive
2526,negative
2527,positive
2528,neutral
2529,neutral
2530,neutral
2531,neutral
2532,neutral
2533,positive
2534,negative
2535,neutral
2536,positive
2537,neutral
2538,neutral
2539,negative
2540,negative
2541,positive
2542,neutral
2543,neutral
2544,neutral
2545,neutral
2546,negative
2547,positive
2548,neutral
2549,negative
2550,negative
2551,positive
2552,negative
2553,positive
2554,negative
2555,neutral
2556,neutral
2557,positive
2558,positive
2559,neutral
2560,neutral
2561,neutral
2562,neutral
2563,neutral
2564,neutral
2565,positive
2566,negative
2567,neutral
2568,neutral
2569,negative
2570,negative
2571,neutral
2572,neutral
2573,neutral
2574,neutral
2575,negative
2576,negative
2577,negative
2578,positive
2579,neutral
2580,neutral
2581,negative
2582,neutral
2583,neutral
2584,negative
2585,neutral
2586,negative
2587,positive
2588,neutral
2589,neutral
2590,positive
2591,negative
2592,negative
2593,neutral
2594,positive
2595,positive
2596,positive
2597,positive
2598,positive
2599,positive
2600,negative
2601,neutral
2602,negative
2603,positive
2604,neutral
2605,negative
2606,negative
2607,negative
2608,positive
2609,negative
2610,positive
2611,neutral
2612,positive
2613,neutral
2614,neutral
2615,negative
2616,neutral
2617,neutral
2618,negative
2619,negative
2620,neutral
2621,negative
2622,positive
2623,negative
2624,negative
2625,positive
2626,positive
2627,positive
2628,neutral
2629,negative
2630,positive
2631,neutral
2632,neutral
2633,negative
2634,neutral
2635,neutral
2636,positive
2637,neutral
2638,negative
2639,neutral
2640,positive
2641,negative
2642,neutral
2643,neutral
2644,neutral
2645,neutral
2646,positive
2647,neutral
2648,positive
2649,negative
2650,positive
2651,neutral
2652,neutral
2653,neutral
2654,negative
2655,negative
2656,positive
2657,negative
2658,neutral
2659,neutral
2660,positive
2661,negative
2662,neutral
2663,positive
2664,negative
2665,neutral
2666,positive
2667,positive
2668,neutral
2669,neutral
2670,positive
2671,neutral
2672,negative
2673,positive
2674,neutral
2675,positive
2676,negative
2677,negative
2678,neutral
2679,neutral
2680,negative
2681,neutral
2682,negative
2683,neutral
2684,neutral
2685,neutral
2686,neutral
2687,negative
2688,negative
2689,negative
2690,neutral
2691,neutral
2692,negative
2693,negative
2694,neutral
2695,positive
2696,positive
2697,neutral
2698,positive
2699,negative
2700,positive
2701,positive
2702,negative
2703,neutral
2704,neutral
2705,negative
2706,neutral
2707,negative
2708,neutral
2709,neutral
2710,neutral
2711,positive
2712,negative
2713,neutral
2714,positive
2715,neutral
2716,positive
2717,negative
2718,negative
2719,negative
2720,neutral
2721,neutral
2722,negative
2723,neutral
2724,negative
2725,negative
2726,neutral
2727,positive
2728,negative
2729,negative
2730,positive
2731,negative
2732,positive
2733,neutral
2734,positive
2735,negative
2736,neutral
2737,neutral
2738,negative
2739,negative
2740,neutral
2741,positive
2742,neutral
2743,positive
2744,negative
2745,positive
2746,neutral
2747,positive
2748,negative
2749,positive
2750,positive
2751,neutral
2752,neutral
2753,neutral
2754,neutral
2755,neutral
2756,neutral
2757,positive
2758,neutral
2759,positive
2760,positive
2761,neutral
2762,negative
2763,positive
2764,positive
2765,neutral
2766,positive
2767,negative
2768,negative
2769,neutral
2770,neutral
2771,positive
2772,negative
2773,neutral
2774,negative
2775,positive
2776,positive
2777,positive
2778,neutral
2779,positive
2780,neutral
2781,neutral
2782,positive
2783,neutral
2784,neutral
2785,positive
2786,negative
2787,neutral
2788,negative
2789,positive
2790,negative
2791,neutral
2792,negative
2793,positive
2794,positive
2795,negative
2796,neutral
2797,negative
2798,negative
2799,neutral
2800,positive
2801,neutral
2802,neutral
2803,neutral
2804,neutral
2805,positive
2806,neutral
2807,negative
2808,positive
2809,positive
2810,neutral
2811,negative
2812,positive
2813,neutral
2814,neutral
2815,positive
2816,negative
2817,neutral
2818,negative
2819,positive
2820,neutral
2821,positive
2822,positive
2823,positive
2824,positive
2825,negative
2826,neutral
2827,positive
2828,negative
2829,negative
2830,positive
2831,negative
2832,positive
2833,negative
2834,neutral
2835,positive
2836,neutral
2837,neutral
2838,neutral
2839,neutral
2840,positive
2841,positive
2842,positive
2843,neutral
2844,neutral
2845,neutral
2846,positive
2847,positive
2848,negative
2849,positive
2850,negative
2851,positive
2852,positive
2853,negative
2854,neutral
2855,neutral
2856,neutral
2857,negative
2858,negative
2859,negative
2860,neutral
2861,positive
2862,negative
2863,positive
2864,positive
2865,positive
2866,positive
2867,negative
2868,negative
2869,negative
2870,positive
2871,positive
2872,neutral
2873,neutral
2874,neutral
2875,neutral
2876,positive
2877,positive
2878,positive
2879,neutral
2880,positive
2881,positive
2882,positive
2883,neutral
2884,positive
2885,positive
2886,positive
2887,neutral
2888,neutral
2889,negative
2890,positive
2891,positive
2892,positive
2893,positive
2894,neutral
2895,negative
2896,negative
2897,positive
2898,positive
2899,neutral
2900,positive
2901,positive
2902,negative
2903,neutral
2904,neutral
2905,negative
2906,positive
2907,neutral
2908,negative
2909,positive
2910,negative
2911,negative
2912,positive
2913,positive
2914,neutral
2915,negative
2916,positive
2917,negative
2918,negative
2919,neutral
2920,neutral
2921,neutral
2922,positive
2923,positive
2924,positive
2925,neutral
2926,positive
2927,neutral
2928,positive
2929,neutral
2930,neutral
2931,positive
2932,negative
2933,positive
2934,neutral
2935,neutral
2936,positive
2937,negative
2938,neutral
2939,positive
2940,positive
2941,neutral
2942,positive
2943,positive
2944,positive
2945,negative
2946,positive
2947,positive
2948,neutral
2949,positive
2950,positive
2951,positive
2952,positive
2953,negative
2954,positive
2955,positive
2956,negative
2957,positive
2958,neutral
2959,negative
2960,negative
2961,positive
2962,positive
2963,neutral
2964,negative
2965,negative
2966,negative
2967,negative
2968,positive
2969,negative
2970,negative
2971,neutral
2972,negative
2973,positive
2974,positive
2975,positive
2976,neutral
2977,neutral
2978,neutral
2979,negative
2980,neutral
2981,negative
2982,negative
2983,positive
2984,negative
2985,positive
2986,neutral
2987,positive
2988,positive
2989,neutral
2990,neutral
2991,positive
2992,neutral
2993,negative
2994,positive
2995,positive
2996,neutral
2997,neutral
2998,neutral
2999,positive
3000,negative
3001,negative
3002,negative
3003,neutral
3004,neutral
3005,neutral
3006,positive
3007,positive
3008,positive
3009,neutral
3010,positive
3011,positive
3012,positive
3013,negative
3014,negative
3015,negative
3016,neutral
3017,neutral
3018,negative
3019,negative
3020,positive
3021,negative
3022,positive
3023,positive
3024,positive
3025,negative
3026,neutral
3027,positive
3028,neutral
3029,positive
3030,negative
3031,negative
3032,negative
3033,positive
3034,positive
3035,neutral
3036,positive
3037,neutral
3038,positive
3039,neutral
3040,negative
3041,neutral
3042,negative
3043,negative
3044,neutral
3045,negative
3046,positive
3047,neutral
3048,positive
3049,negative
3050,negative
3051,neutral
3052,neutral
3053,positive
3054,neutral
3055,neutral
3056,negative
3057,negative
3058,positive
3059,positive
3060,positive
3061,negative
3062,neutral
3063,positive
3064,negative
3065,neutral
3066,negative
3067,positive
3068,positive
3069,neutral
3070,negative
3071,positive
3072,positive
3073,positive
3074,positive
3075,positive
3076,positive
3077,negative
3078,positive
3079,negative
3080,negative
3081,positive
3082,positive
3083,positive
3084,neutral
3085,negative
3086,neutral
3087,neutral
3088,positive
3089,neutral
3090,positive
3091,neutral
3092,positive
3093,neutral
3094,negative
3095,positive
3096,positive
3097,neutral
3098,negative
3099,positive
3100,neutral
3101,positive
3102,positive
3103,positive
3104,neutral
3105,positive
3106,neutral
3107,positive
3108,neutral
3109,positive
3110,positive
3111,neutral
3112,neutral
3113,negative
3114,neutral
3115,neutral
3116,neutral
3117,negative
3118,positive
3119,negative
3120,positive
3121,neutral
3122,neutral
3123,positive
3124,neutral
3125,negative
3126,positive
3127,positive
3128,positive
3129,neutral
3130,negative
3131,neutral
3132,negative
3133,positive
3134,positive
3135,positive
3136,positive
3137,neutral
3138,neutral
3139,negative
3140,negative
3141,negative
3142,negative
3143,positive
3144,negative
3145,neutral
3146,positive
3147,negative
3148,positive
3149,neutral
3150,negative
3151,positive
3152,positive
3153,negative
3154,positive
3155,positive
3156,positive
3157,negative
3158,neutral
3159,negative
3160,positive
3161,positive
3162,neutral
3163,positive
3164,negative
3165,neutral
3166,positive
3167,neutral
3168,neutral
3169,negative
3170,neutral
3171,neutral
3172,negative
3173,negative
3174,neutral
3175,positive
3176,neutral
3177,negative
3178,positive
3179,negative
3180,positive
3181,negative
3182,negative
3183,positive
3184,negative
3185,negative
3186,neutral
3187,neutral
3188,positive
3189,neutral
3190,neutral
3191,positive
3192,neutral
3193,neutral
3194,neutral
3195,negative
3196,negative
3197,negative
3198,neutral
3199,negative
3200,positive
3201,neutral
3202,neutral
3203,neutral
3204,positive
3205,neutral
3206,negative
3207,neutral
3208,neutral
3209,neutral
3210,positive
3211,neutral
3212,positive
3213,neutral
3214,neutral
3215,neutral
3216,positive
3217,neutral
3218,neutral
3219,positive
3220,positive
3221,neutral
3222,neutral
3223,positive
3224,negative
3225,positive
3226,neutral
3227,positive
3228,positive
3229,neutral
3230,neutral
3231,negative
3232,negative
3233,neutral
3234,neutral
3235,negative
3236,neutral
3237,negative
3238,neutral
3239,positive
3240,neutral
3241,neutral
3242,negative
3243,positive
3244,neutral
3245,negative
3246,neutral
3247,negative
3248,positive
3249,positive
3250,neutral
3251,neutral
3252,neutral
3253,positive
3254,positive
3255,positive
3256,negative
3257,negative
3258,neutral
3259,neutral
3260,positive
3261,positive
3262,negative
3263,positive
3264,neutral
3265,positive
3266,neutral
3267,positive
3268,positive
3269,negative
3270,neutral
3271,positive
3272,positive
3273,neutral
3274,neutral
3275,negative
3276,positive
3277,negative
3278,positive
3279,neutral
3280,positive
3281,neutral
3282,positive
3283,positive
3284,negative
3285,positive
3286,neutral
3287,negative
3288,neutral
3289,neutral
3290,positive
3291,positive
3292,neutral
3293,neutral
3294,neutral
3295,neutral
3296,negative
3297,negative
3298,neutral
3299,neutral
3300,neutral
3301,negative
3302,neutral
3303,neutral
3304,neutral
3305,negative
3306,negative
3307,negative
3308,positive
3309,positive
3310,negative
3311,negative
3312,positive
3313,positive
3314,neutral
3315,neutral
3316,positive
3317,positive
3318,negative
3319,neutral
3320,positive
3321,negative
3322,neutral
3323,negative
3324,negative
3325,negative
3326,negative
3327,positive
3328,negative
3329,positive
3330,negative
3331,positive
3332,neutral
3333,positive
3334,positive
3335,positive
3336,negative
3337,neutral
3338,neutral
3339,negative
3340,neutral
3341,positive
3342,neutral
3343,positive
3344,positive
3345,negative
3346,neutral
3347,positive
3348,positive
3349,positive
3350,positive
3351,neutral
3352,neutral
3353,negative
3354,neutral
3355,negative
3356,neutral
3357,neutral
3358,positive
3359,negative
3360,negative
3361,neutral
3362,positive
3363,neutral
3364,neutral
3365,neutral
3366,positive
3367,neutral
3368,positive
3369,neutral
3370,positive
3371,positive
3372,positive
3373,negative
3374,positive
3375,positive
3376,positive
3377,negative
3378,positive
3379,positive
3380,neutral
3381,positive
3382,neutral
3383,negative
3384,neutral
3385,positive
3386,neutral
3387,neutral
3388,negative
3389,positive
3390,negative
3391,negative
3392,positive
3393,positive
3394,negative
3395,neutral
3396,negative
3397,neutral
3398,positive
3399,neutral
3400,positive
3401,neutral
3402,neutral
3403,positive
3404,positive
3405,negative
3406,negative
3407,positive
3408,negative
3409,positive
3410,neutral
3411,neutral
3412,neutral
3413,positive
3414,negative
3415,neutral
3416,neutral
3417,positive
3418,neutral
3419,positive
3420,negative
3421,neutral
3422,negative
3423,positive
3424,neutral
3425,positive
3426,neutral
3427,neutral
3428,positive
3429,positive
3430,neutral
3431,positive
3432,positive
3433,negative
3434,neutral
3435,negative
3436,neutral
3437,neutral
3438,neutral
3439,neutral
3440,neutral
3441,positive
3442,positive
3443,negative
3444,neutral
3445,positive
3446,negative
3447,negative
3448,positive
3449,positive
3450,neutral
3451,neutral
3452,positive
3453,negative
3454,positive
3455,positive
3456,neutral
3457,negative
3458,positive
3459,negative
3460,negative
3461,neutral
3462,neutral
3463,neutral
3464,positive
3465,neutral
3466,positive
3467,positive
3468,neutral
3469,neutral
3470,neutral
3471,neutral
3472,positive
3473,positive
3474,neutral
3475,neutral
3476,positive
3477,neutral
3478,positive
3479,negative
3480,negative
3481,neutral
3482,positive
3483,positive
3484,negative
3485,positive
3486,neutral
3487,negative
3488,negative
3489,neutral
3490,positive
3491,neutral
3492,positive
3493,positive
3494,negative
3495,positive
3496,positive
3497,positive
3498,negative
3499,negative
3500,negative
3501,neutral
3502,neutral
3503,neutral
3504,positive
3505,positive
3506,positive
3507,positive
3508,negative
3509,neutral
3510,positive
3511,negative
3512,negative
3513,neutral
3514,negative
3515,negative
3516,negative
3517,neutral
3518,positive
3519,neutral
3520,neutral
3521,positive
3522,positive
3523,positive
3524,neutral
3525,positive
3526,positive
3527,negative
3528,positive
3529,neutral
3530,neutral
3531,negative
3532,negative
3533,positive
3534,negative
3535,neutral
3536,positive
3537,negative
3538,positive
3539,neutral
3540,neutral
3541,positive
3542,neutral
3543,positive
3544,neutral
3545,negative
3546,positive
3547,positive
3548,neutral
3549,negative
3550,neutral
3551,neutral
3552,neutral
3553,neutral
3554,positive
3555,positive
3556,positive
3557,positive
3558,negative
3559,negative
3560,neutral
3561,positive
3562,neutral
3563,negative
3564,positive
3565,neutral
3566,negative
3567,negative
3568,positive
3569,negative
3570,neutral
3571,neutral
3572,positive
3573,positive
3574,neutral
3575,positive
3576,negative
3577,neutral
3578,positive
3579,neutral
3580,negative
3581,positive
3582,neutral
3583,positive
3584,neutral
3585,neutral
3586,negative
3587,neutral
3588,positive
3589,neutral
3590,neutral
3591,negative
3592,negative
3593,negative
3594,neutral
3595,negative
3596,neutral
3597,positive
3598,neutral
3599,negative
3600,positive
3601,positive
3602,neutral
3603,positive
3604,negative
3605,positive
3606,neutral
3607,negative
3608,neutral
3609,negative
3610,neutral
3611,positive
3612,positive
3613,negative
3614,positive
3615,negative
3616,neutral
3617,neutral
3618,neutral
3619,neutral
3620,neutral
3621,neutral
3622,positive
3623,negative
3624,positive
3625,neutral
3626,neutral
3627,positive
3628,negative
3629,positive
3630,positive
3631,neutral
3632,positive
3633,positive
3634,negative
3635,negative
3636,negative
3637,positive
3638,negative
3639,neutral
3640,neutral
3641,neutral
3642,positive
3643,neutral
3644,positive
3645,negative
3646,neutral
3647,positive
3648,neutral
3649,positive
3650,negative
3651,negative
3652,neutral
3653,negative
3654,neutral
3655,negative
3656,neutral
3657,positive
3658,positive
3659,positive
3660,positive
3661,neutral
3662,neutral
3663,neutral
3664,positive
3665,positive
3666,negative
3667,neutral
3668,neutral
3669,positive
3670,positive
3671,positive
3672,positive
3673,negative
3674,positive
3675,neutral
3676,negative
3677,neutral
3678,neutral
3679,negative
3680,neutral
3681,negative
3682,negative
3683,negative
3684,positive
3685,positive
3686,negative
3687,positive
3688,neutral
3689,negative
3690,negative
3691,neutral
3692,neutral
3693,positive
3694,positive
3695,neutral
3696,negative
3697,neutral
3698,neutral
3699,positive
3700,positive
3701,positive
3702,negative
3703,positive
3704,positive
3705,neutral
3706,positive
3707,positive
3708,negative
3709,positive
3710,negative
3711,neutral
3712,positive
3713,positive
3714,negative
3715,neutral
3716,neutral
3717,negative
3718,positive
3719,positive
3720,negative
3721,positive
3722,positive
3723,positive
3724,negative
3725,neutral
3726,negative
3727,positive
3728,negative
3729,positive
3730,negative
3731,negative
3732,neutral
3733,neutral
3734,neutral
3735,negative
3736,neutral
3737,neutral
3738,positive
3739,positive
3740,neutral
3741,negative
3742,positive
3743,neutral
3744,neutral
3745,negative
3746,neutral
3747,positive
3748,positive
3749,positive
3750,negative
3751,neutral
3752,positive
3753,positive
3754,negative
3755,positive
3756,positive
3757,neutral
3758,neutral
3759,positive
3760,positive
3761,negative
3762,positive
3763,negative
3764,positive
3765,neutral
3766,neutral
3767,positive
3768,negative
3769,negative
3770,neutral
3771,neutral
3772,positive
3773,neutral
3774,negative
3775,neutral
3776,positive
3777,neutral
3778,neutral
3779,negative
3780,positive
3781,positive
3782,neutral
3783,positive
3784,neutral
3785,positive
3786,neutral
3787,positive
3788,positive
3789,positive
3790,positive
3791,negative
3792,neutral
3793,neutral
3794,negative
3795,neutral
3796,positive
3797,neutral
3798,positive
3799,positive
3800,positive
3801,neutral
3802,positive
3803,negative
3804,neutral
3805,negative
3806,neutral
3807,positive
3808,positive
3809,negative
3810,neutral
3811,negative
3812,neutral
3813,negative
3814,positive
3815,positive
3816,neutral
3817,positive
3818,negative
3819,positive
3820,negative
3821,positive
3822,neutral
3823,neutral
3824,positive
3825,positive
3826,positive
3827,neutral
3828,positive
3829,positive
3830,positive
3831,positive
3832,positive
3833,positive
3834,positive
3835,negative
3836,negative
3837,positive
3838,neutral
3839,negative
3840,positive
3841,negative
3842,positive
3843,negative
3844,positive
3845,neutral
3846,neutral
3847,positive
3848,positive
3849,negative
3850,neutral
3851,positive
3852,negative
3853,neutral
3854,positive
3855,negative
3856,neutral
3857,positive
3858,neutral
3859,negative
3860,neutral
3861,neutral
3862,positive
3863,neutral
3864,negative
3865,positive
3866,negative
3867,neutral
3868,positive
3869,positive
3870,positive
3871,neutral
3872,negative
3873,neutral
3874,negative
3875,positive
3876,positive
3877,positive
3878,negative
3879,positive
3880,positive
3881,neutral
3882,neutral
3883,positive
3884,positive
3885,positive
3886,negative
3887,neutral
3888,negative
3889,positive
3890,neutral
3891,neutral
3892,neutral
3893,positive
3894,neutral
3895,neutral
3896,neutral
3897,negative
3898,negative
3899,neutral
3900,neutral
3901,positive
3902,positive
3903,neutral
3904,neutral
3905,neutral
3906,neutral
3907,negative
3908,positive
3909,positive
3910,positive
3911,negative
3912,neutral
3913,positive
3914,negative
3915,neutral
3916,negative
3917,neutral
3918,negative
3919,negative
3920,positive
3921,positive
3922,neutral
3923,positive
3924,positive
3925,negative
3926,positive
3927,negative
3928,negative
3929,positive
3930,positive
3931,positive
3932,negative
3933,neutral
3934,negative
3935,neutral
3936,positive
3937,neutral
3938,positive
3939,positive
3940,neutral
3941,positive
3942,positive
3943,neutral
3944,positive
3945,negative
3946,negative
3947,neutral
3948,neutral
3949,neutral
3950,positive
3951,positive
3952,positive
3953,positive
3954,positive
3955,positive
3956,negative
3957,positive
3958,neutral
3959,negative
3960,neutral
3961,positive
3962,negative
3963,neutral
3964,neutral
3965,neutral
3966,negative
3967,negative
3968,positive
3969,positive
3970,neutral
3971,positive
3972,positive
3973,neutral
3974,positive
3975,neutral
